review_id,review
review001,The paper lacks sufficient background discussion. Good writing and relevant references.
review002,The paper lacks sufficient background discussion. Excellent contribution to the field.
review003,Clear methodology and strong results.
review004,"Solid work, but the novelty is limited. The paper could benefit from more real-world examples."
review005,Excellent contribution to the field. The paper lacks sufficient background discussion.
review006,Some sections require clarification.
review007,Clear methodology and strong results.
review008,"Solid work, but the novelty is limited."
review009,"Solid work, but the novelty is limited."
review010,"Solid work, but the novelty is limited."
review011,The paper lacks sufficient background discussion.
review012,"Interesting approach, but needs more experiments."
review013,"Solid work, but the novelty is limited."
review014,Excellent contribution to the field.
review015,Some sections require clarification.
review016,Excellent contribution to the field.
review017,Clear methodology and strong results.
review018,"Interesting approach, but needs more experiments."
review019,"Solid work, but the novelty is limited."
review020,Clear methodology and strong results. Good writing and relevant references.
review021,Good writing and relevant references.
review022,"Interesting approach, but needs more experiments."
review023,The results are promising and well presented. The paper lacks sufficient background discussion.
review024,The results are promising and well presented. The results are promising and well presented.
review025,"Solid work, but the novelty is limited."
review026,Excellent contribution to the field.
review027,The results are promising and well presented. The paper could benefit from more real-world examples.
review028,The paper lacks sufficient background discussion. The paper lacks sufficient background discussion.
review029,Some sections require clarification.
review030,"Solid work, but the novelty is limited. Some sections require clarification."
review031,Good writing and relevant references.
review032,Some sections require clarification.
review033,Good writing and relevant references.
review034,"Interesting approach, but needs more experiments. Solid work, but the novelty is limited."
review035,The paper lacks sufficient background discussion.
review036,"Some sections require clarification. Interesting approach, but needs more experiments."
review037,Some sections require clarification.
review038,"Solid work, but the novelty is limited."
review039,Excellent contribution to the field. The paper could benefit from more real-world examples.
review040,"Solid work, but the novelty is limited."
review041,Clear methodology and strong results. The paper could benefit from more real-world examples.
review042,Clear methodology and strong results.
review043,Good writing and relevant references.
review044,Good writing and relevant references.
review045,Some sections require clarification.
review046,Good writing and relevant references.
review047,"Interesting approach, but needs more experiments."
review048,Clear methodology and strong results.
review049,Well-structured and insightful paper.
review050,The paper lacks sufficient background discussion.
review051,Well-structured and insightful paper.
review052,"Interesting approach, but needs more experiments. Well-structured and insightful paper."
review053,The results are promising and well presented.
review054,Some sections require clarification.
review055,"The results are promising and well presented. Solid work, but the novelty is limited."
review056,The paper lacks sufficient background discussion.
review057,The results are promising and well presented. The results are promising and well presented.
review058,Clear methodology and strong results.
review059,Good writing and relevant references.
review060,The results are promising and well presented.
review061,Good writing and relevant references. The results are promising and well presented.
review062,Clear methodology and strong results.
review063,Some sections require clarification.
review064,Well-structured and insightful paper.
review065,The paper lacks sufficient background discussion. Clear methodology and strong results.
review066,The paper lacks sufficient background discussion.
review067,The results are promising and well presented. Good writing and relevant references.
review068,"Solid work, but the novelty is limited."
review069,The results are promising and well presented. The results are promising and well presented.
review070,Good writing and relevant references.
review071,"The paper lacks sufficient background discussion. Solid work, but the novelty is limited."
review072,Excellent contribution to the field.
review073,The paper lacks sufficient background discussion.
review074,The paper could benefit from more real-world examples.
review075,"Interesting approach, but needs more experiments."
review076,The paper could benefit from more real-world examples.
review077,Clear methodology and strong results. Excellent contribution to the field.
review078,The paper lacks sufficient background discussion.
review079,The paper lacks sufficient background discussion.
review080,The paper lacks sufficient background discussion.
review081,Clear methodology and strong results. The paper lacks sufficient background discussion.
review082,The results are promising and well presented. Clear methodology and strong results.
review083,The results are promising and well presented.
review084,Clear methodology and strong results.
review085,The paper could benefit from more real-world examples. The results are promising and well presented.
review086,Some sections require clarification.
review087,Good writing and relevant references.
review088,Well-structured and insightful paper. Some sections require clarification.
review089,Clear methodology and strong results.
review090,"Interesting approach, but needs more experiments."
review091,Good writing and relevant references.
review092,The paper lacks sufficient background discussion.
review093,The paper lacks sufficient background discussion. Good writing and relevant references.
review094,Excellent contribution to the field.
review095,The results are promising and well presented. Well-structured and insightful paper.
review096,The paper lacks sufficient background discussion.
review097,Some sections require clarification. Good writing and relevant references.
review098,Good writing and relevant references.
review099,Excellent contribution to the field. Excellent contribution to the field.
review100,The paper could benefit from more real-world examples.
review101,Some sections require clarification.
review102,Good writing and relevant references.
review103,The paper could benefit from more real-world examples.
review104,Clear methodology and strong results.
review105,Some sections require clarification. Excellent contribution to the field.
review106,The paper could benefit from more real-world examples.
review107,Some sections require clarification.
review108,Excellent contribution to the field.
review109,"Excellent contribution to the field. Solid work, but the novelty is limited."
review110,Well-structured and insightful paper.
review111,Some sections require clarification.
review112,The paper could benefit from more real-world examples.
review113,"Interesting approach, but needs more experiments."
review114,"Interesting approach, but needs more experiments. The paper could benefit from more real-world examples."
review115,The results are promising and well presented.
review116,Well-structured and insightful paper.
review117,Good writing and relevant references.
review118,Well-structured and insightful paper.
review119,Clear methodology and strong results.
review120,Clear methodology and strong results. Some sections require clarification.
review121,Clear methodology and strong results.
review122,Excellent contribution to the field.
review123,Some sections require clarification.
review124,Well-structured and insightful paper. The paper lacks sufficient background discussion.
review125,Some sections require clarification.
review126,The paper could benefit from more real-world examples. Some sections require clarification.
review127,Excellent contribution to the field.
review128,Clear methodology and strong results.
review129,"Well-structured and insightful paper. Interesting approach, but needs more experiments."
review130,The results are promising and well presented.
review131,Good writing and relevant references. The paper could benefit from more real-world examples.
review132,Clear methodology and strong results. The paper lacks sufficient background discussion.
review133,The paper could benefit from more real-world examples. Excellent contribution to the field.
review134,"Solid work, but the novelty is limited. Solid work, but the novelty is limited."
review135,Well-structured and insightful paper.
review136,"Solid work, but the novelty is limited."
review137,Clear methodology and strong results. The results are promising and well presented.
review138,"Interesting approach, but needs more experiments."
review139,"Solid work, but the novelty is limited."
review140,The paper could benefit from more real-world examples.
review141,"Solid work, but the novelty is limited. Some sections require clarification."
review142,Well-structured and insightful paper.
review143,The paper could benefit from more real-world examples. Good writing and relevant references.
review144,Excellent contribution to the field.
review145,"Solid work, but the novelty is limited. Excellent contribution to the field."
review146,"Excellent contribution to the field. Interesting approach, but needs more experiments."
review147,Clear methodology and strong results.
review148,Some sections require clarification.
review149,Clear methodology and strong results.
review150,The paper could benefit from more real-world examples.
review151,"Interesting approach, but needs more experiments. The paper lacks sufficient background discussion."
review152,"Solid work, but the novelty is limited. Clear methodology and strong results."
review153,Good writing and relevant references. Good writing and relevant references.
review154,The paper lacks sufficient background discussion.
review155,The paper lacks sufficient background discussion.
review156,"Solid work, but the novelty is limited."
review157,Well-structured and insightful paper.
review158,"Interesting approach, but needs more experiments."
review159,Excellent contribution to the field.
review160,"Excellent contribution to the field. Solid work, but the novelty is limited."
review161,The results are promising and well presented.
review162,Some sections require clarification.
review163,The paper lacks sufficient background discussion.
review164,The results are promising and well presented.
review165,The paper lacks sufficient background discussion.
review166,Clear methodology and strong results. The results are promising and well presented.
review167,The results are promising and well presented.
review168,The paper lacks sufficient background discussion. Clear methodology and strong results.
review169,The results are promising and well presented. The paper lacks sufficient background discussion.
review170,Some sections require clarification.
review171,Clear methodology and strong results.
review172,Excellent contribution to the field.
review173,Well-structured and insightful paper.
review174,Good writing and relevant references. Excellent contribution to the field.
review175,Well-structured and insightful paper.
review176,Well-structured and insightful paper.
review177,The results are promising and well presented.
review178,"Solid work, but the novelty is limited."
review179,"Interesting approach, but needs more experiments."
review180,Some sections require clarification.
review181,Some sections require clarification.
review182,"Interesting approach, but needs more experiments. The paper could benefit from more real-world examples."
review183,Excellent contribution to the field.
review184,Excellent contribution to the field.
review185,"Interesting approach, but needs more experiments."
review186,The results are promising and well presented.
review187,"Interesting approach, but needs more experiments."
review188,The results are promising and well presented.
review189,Excellent contribution to the field. Excellent contribution to the field.
review190,The paper lacks sufficient background discussion.
review191,"The paper lacks sufficient background discussion. Interesting approach, but needs more experiments."
review192,The paper could benefit from more real-world examples. The paper could benefit from more real-world examples.
review193,Well-structured and insightful paper. Excellent contribution to the field.
review194,"Solid work, but the novelty is limited."
review195,Well-structured and insightful paper.
review196,Excellent contribution to the field. Some sections require clarification.
review197,"Solid work, but the novelty is limited."
review198,Excellent contribution to the field.
review199,Well-structured and insightful paper.
review200,"Solid work, but the novelty is limited. Interesting approach, but needs more experiments."
review201,Well-structured and insightful paper.
review202,The paper could benefit from more real-world examples. Clear methodology and strong results.
review203,The paper could benefit from more real-world examples.
review204,The paper lacks sufficient background discussion.
review205,Well-structured and insightful paper.
review206,"Some sections require clarification. Solid work, but the novelty is limited."
review207,The paper lacks sufficient background discussion.
review208,Excellent contribution to the field.
review209,Excellent contribution to the field.
review210,Well-structured and insightful paper.
review211,"Clear methodology and strong results. Solid work, but the novelty is limited."
review212,Clear methodology and strong results.
review213,The results are promising and well presented.
review214,Good writing and relevant references.
review215,Clear methodology and strong results.
review216,Some sections require clarification.
review217,Well-structured and insightful paper. Excellent contribution to the field.
review218,Excellent contribution to the field.
review219,"Interesting approach, but needs more experiments. Excellent contribution to the field."
review220,The paper could benefit from more real-world examples.
review221,"Interesting approach, but needs more experiments. The paper lacks sufficient background discussion."
review222,Well-structured and insightful paper.
review223,Clear methodology and strong results.
review224,Good writing and relevant references.
review225,The paper could benefit from more real-world examples.
review226,Some sections require clarification.
review227,The paper lacks sufficient background discussion.
review228,Some sections require clarification.
review229,"Interesting approach, but needs more experiments."
review230,"Solid work, but the novelty is limited."
review231,"Solid work, but the novelty is limited."
review232,The results are promising and well presented.
review233,Some sections require clarification.
review234,"Interesting approach, but needs more experiments."
review235,Good writing and relevant references.
review236,Well-structured and insightful paper.
review237,The paper lacks sufficient background discussion.
review238,The results are promising and well presented.
review239,The results are promising and well presented.
review240,Excellent contribution to the field.
review241,"Interesting approach, but needs more experiments."
review242,The paper could benefit from more real-world examples.
review243,The paper lacks sufficient background discussion.
review244,Excellent contribution to the field.
review245,Well-structured and insightful paper.
review246,Clear methodology and strong results.
review247,Well-structured and insightful paper.
review248,Clear methodology and strong results.
review249,The results are promising and well presented.
review250,The paper lacks sufficient background discussion. Clear methodology and strong results.
review251,"The results are promising and well presented. Solid work, but the novelty is limited."
review252,Excellent contribution to the field.
review253,"Solid work, but the novelty is limited."
review254,"Interesting approach, but needs more experiments. The paper lacks sufficient background discussion."
review255,Well-structured and insightful paper. Good writing and relevant references.
review256,"Solid work, but the novelty is limited. Interesting approach, but needs more experiments."
review257,Good writing and relevant references. Some sections require clarification.
review258,Well-structured and insightful paper.
review259,"Interesting approach, but needs more experiments."
review260,Some sections require clarification.
review261,"Interesting approach, but needs more experiments."
review262,Well-structured and insightful paper.
review263,Clear methodology and strong results.
review264,"Well-structured and insightful paper. Interesting approach, but needs more experiments."
review265,Well-structured and insightful paper.
review266,"Interesting approach, but needs more experiments."
review267,Excellent contribution to the field.
review268,"Solid work, but the novelty is limited."
review269,"Interesting approach, but needs more experiments."
review270,Well-structured and insightful paper. Clear methodology and strong results.
review271,Well-structured and insightful paper. Clear methodology and strong results.
review272,"Solid work, but the novelty is limited."
review273,Excellent contribution to the field.
review274,Some sections require clarification. Well-structured and insightful paper.
review275,The paper lacks sufficient background discussion.
review276,"The results are promising and well presented. Interesting approach, but needs more experiments."
review277,Well-structured and insightful paper.
review278,"The paper lacks sufficient background discussion. Interesting approach, but needs more experiments."
review279,The results are promising and well presented.
review280,Excellent contribution to the field.
review281,The paper could benefit from more real-world examples. The paper could benefit from more real-world examples.
review282,Some sections require clarification. Clear methodology and strong results.
review283,The results are promising and well presented.
review284,Some sections require clarification.
review285,Excellent contribution to the field. The paper could benefit from more real-world examples.
review286,Clear methodology and strong results. The paper could benefit from more real-world examples.
review287,The results are promising and well presented.
review288,The results are promising and well presented.
review289,The results are promising and well presented.
review290,Good writing and relevant references. Excellent contribution to the field.
review291,Clear methodology and strong results.
review292,Clear methodology and strong results. The paper lacks sufficient background discussion.
review293,"Interesting approach, but needs more experiments."
review294,Excellent contribution to the field.
review295,Well-structured and insightful paper.
review296,Excellent contribution to the field.
review297,"Interesting approach, but needs more experiments. Solid work, but the novelty is limited."
review298,Clear methodology and strong results.
review299,Some sections require clarification. The results are promising and well presented.
review300,The results are promising and well presented.
review301,"Interesting approach, but needs more experiments."
review302,"Interesting approach, but needs more experiments."
review303,"Interesting approach, but needs more experiments."
review304,Excellent contribution to the field.
review305,The paper lacks sufficient background discussion.
review306,Well-structured and insightful paper.
review307,Some sections require clarification.
review308,Excellent contribution to the field. Excellent contribution to the field.
review309,Well-structured and insightful paper.
review310,"Solid work, but the novelty is limited. Good writing and relevant references."
review311,Excellent contribution to the field.
review312,The paper could benefit from more real-world examples.
review313,Some sections require clarification.
review314,The paper lacks sufficient background discussion. The paper lacks sufficient background discussion.
review315,The results are promising and well presented.
review316,The results are promising and well presented.
review317,Good writing and relevant references.
review318,Good writing and relevant references.
review319,Excellent contribution to the field.
review320,Excellent contribution to the field.
review321,The results are promising and well presented.
review322,The paper could benefit from more real-world examples.
review323,"Interesting approach, but needs more experiments."
review324,Good writing and relevant references.
review325,"Interesting approach, but needs more experiments."
review326,The paper lacks sufficient background discussion.
review327,The paper could benefit from more real-world examples. The results are promising and well presented.
review328,Well-structured and insightful paper.
review329,"Interesting approach, but needs more experiments."
review330,The paper lacks sufficient background discussion. Good writing and relevant references.
review331,Good writing and relevant references.
review332,The results are promising and well presented.
review333,Well-structured and insightful paper. The paper could benefit from more real-world examples.
review334,Good writing and relevant references. Some sections require clarification.
review335,"Interesting approach, but needs more experiments."
review336,The results are promising and well presented.
review337,Good writing and relevant references.
review338,"Good writing and relevant references. Interesting approach, but needs more experiments."
review339,The paper lacks sufficient background discussion.
review340,The paper could benefit from more real-world examples.
review341,Some sections require clarification.
review342,Some sections require clarification.
review343,"Interesting approach, but needs more experiments."
review344,The paper could benefit from more real-world examples.
review345,The paper could benefit from more real-world examples.
review346,Excellent contribution to the field. Well-structured and insightful paper.
review347,Well-structured and insightful paper.
review348,Clear methodology and strong results. Excellent contribution to the field.
review349,"Good writing and relevant references. Solid work, but the novelty is limited."
review350,The results are promising and well presented.
review351,"Some sections require clarification. Interesting approach, but needs more experiments."
review352,Well-structured and insightful paper.
review353,The paper lacks sufficient background discussion.
review354,"Interesting approach, but needs more experiments."
review355,The results are promising and well presented.
review356,Well-structured and insightful paper.
review357,The paper could benefit from more real-world examples. Good writing and relevant references.
review358,Excellent contribution to the field.
review359,The paper could benefit from more real-world examples.
review360,Excellent contribution to the field.
review361,The paper lacks sufficient background discussion. The paper could benefit from more real-world examples.
review362,Some sections require clarification.
review363,The results are promising and well presented.
review364,"Interesting approach, but needs more experiments. Interesting approach, but needs more experiments."
review365,Well-structured and insightful paper.
review366,Some sections require clarification.
review367,"Solid work, but the novelty is limited. Some sections require clarification."
review368,Good writing and relevant references.
review369,Well-structured and insightful paper.
review370,"Solid work, but the novelty is limited."
review371,Good writing and relevant references.
review372,Excellent contribution to the field.
review373,The paper lacks sufficient background discussion.
review374,Good writing and relevant references.
review375,The paper could benefit from more real-world examples.
review376,Some sections require clarification. Well-structured and insightful paper.
review377,The results are promising and well presented.
review378,Excellent contribution to the field.
review379,The paper lacks sufficient background discussion. The paper could benefit from more real-world examples.
review380,"Good writing and relevant references. Solid work, but the novelty is limited."
review381,"Solid work, but the novelty is limited."
review382,"Interesting approach, but needs more experiments."
review383,Well-structured and insightful paper.
review384,The paper lacks sufficient background discussion.
review385,Some sections require clarification.
review386,Excellent contribution to the field.
review387,Good writing and relevant references.
review388,Clear methodology and strong results.
review389,The results are promising and well presented.
review390,"Solid work, but the novelty is limited."
review391,Excellent contribution to the field.
review392,Clear methodology and strong results.
review393,"Solid work, but the novelty is limited."
review394,The paper lacks sufficient background discussion. Excellent contribution to the field.
review395,Excellent contribution to the field.
review396,"Interesting approach, but needs more experiments."
review397,Some sections require clarification.
review398,Excellent contribution to the field.
review399,Some sections require clarification. Excellent contribution to the field.
review400,Good writing and relevant references. The results are promising and well presented.
review401,"Solid work, but the novelty is limited."
review402,Good writing and relevant references.
review403,Clear methodology and strong results. Well-structured and insightful paper.
review404,The paper lacks sufficient background discussion.
review405,Well-structured and insightful paper.
review406,Good writing and relevant references.
review407,Some sections require clarification.
review408,The paper could benefit from more real-world examples.
review409,Clear methodology and strong results.
review410,Clear methodology and strong results.
review411,"Interesting approach, but needs more experiments."
review412,The results are promising and well presented. The results are promising and well presented.
review413,The results are promising and well presented. Good writing and relevant references.
review414,Some sections require clarification.
review415,Well-structured and insightful paper.
review416,Well-structured and insightful paper. Clear methodology and strong results.
review417,Clear methodology and strong results.
review418,Some sections require clarification.
review419,Excellent contribution to the field.
review420,The paper lacks sufficient background discussion.
review421,Excellent contribution to the field. Good writing and relevant references.
review422,Some sections require clarification.
review423,"Solid work, but the novelty is limited."
review424,"Interesting approach, but needs more experiments."
review425,The results are promising and well presented.
review426,"Interesting approach, but needs more experiments."
review427,"Interesting approach, but needs more experiments. Clear methodology and strong results."
review428,"Interesting approach, but needs more experiments. Excellent contribution to the field."
review429,Some sections require clarification.
review430,The paper lacks sufficient background discussion.
review431,Good writing and relevant references.
review432,Excellent contribution to the field.
review433,"Interesting approach, but needs more experiments."
review434,Some sections require clarification.
review435,The paper lacks sufficient background discussion. Some sections require clarification.
review436,Good writing and relevant references.
review437,"Solid work, but the novelty is limited. Well-structured and insightful paper."
review438,Some sections require clarification.
review439,Well-structured and insightful paper. Well-structured and insightful paper.
review440,The results are promising and well presented.
review441,Clear methodology and strong results.
review442,Clear methodology and strong results.
review443,The results are promising and well presented.
review444,Clear methodology and strong results. Well-structured and insightful paper.
review445,Clear methodology and strong results.
review446,The paper lacks sufficient background discussion. Well-structured and insightful paper.
review447,Clear methodology and strong results.
review448,Clear methodology and strong results. The results are promising and well presented.
review449,Good writing and relevant references.
review450,Good writing and relevant references. Some sections require clarification.
review451,The results are promising and well presented.
review452,The results are promising and well presented. Good writing and relevant references.
review453,The paper lacks sufficient background discussion.
review454,Good writing and relevant references.
review455,The paper lacks sufficient background discussion.
review456,Some sections require clarification. Excellent contribution to the field.
review457,"Solid work, but the novelty is limited."
review458,The paper could benefit from more real-world examples.
review459,"Interesting approach, but needs more experiments."
review460,"Solid work, but the novelty is limited. Some sections require clarification."
review461,The results are promising and well presented.
review462,Clear methodology and strong results.
review463,The results are promising and well presented.
review464,Good writing and relevant references.
review465,Some sections require clarification.
review466,Clear methodology and strong results.
review467,"Solid work, but the novelty is limited."
review468,The results are promising and well presented.
review469,"Solid work, but the novelty is limited. Well-structured and insightful paper."
review470,The paper could benefit from more real-world examples.
review471,Excellent contribution to the field. The paper lacks sufficient background discussion.
review472,Good writing and relevant references.
review473,The results are promising and well presented.
review474,The results are promising and well presented.
review475,Well-structured and insightful paper.
review476,Good writing and relevant references.
review477,The paper could benefit from more real-world examples.
review478,The paper lacks sufficient background discussion.
review479,Clear methodology and strong results.
review480,Excellent contribution to the field.
review481,Some sections require clarification. The paper lacks sufficient background discussion.
review482,The paper lacks sufficient background discussion.
review483,The paper could benefit from more real-world examples. The paper could benefit from more real-world examples.
review484,Some sections require clarification.
review485,Excellent contribution to the field. Some sections require clarification.
review486,The paper could benefit from more real-world examples. Clear methodology and strong results.
review487,The paper lacks sufficient background discussion.
review488,Some sections require clarification.
review489,"Well-structured and insightful paper. Solid work, but the novelty is limited."
review490,"Interesting approach, but needs more experiments."
review491,Good writing and relevant references.
review492,Some sections require clarification.
review493,Well-structured and insightful paper. Good writing and relevant references.
review494,The results are promising and well presented.
review495,The paper could benefit from more real-world examples. The results are promising and well presented.
review496,"Solid work, but the novelty is limited. The results are promising and well presented."
review497,The results are promising and well presented.
review498,"Interesting approach, but needs more experiments. Excellent contribution to the field."
review499,Excellent contribution to the field.
review500,Good writing and relevant references. Clear methodology and strong results.
review501,The results are promising and well presented.
review502,"Interesting approach, but needs more experiments. Solid work, but the novelty is limited."
review503,"Solid work, but the novelty is limited. Some sections require clarification."
review504,"Solid work, but the novelty is limited."
review505,"Well-structured and insightful paper. Solid work, but the novelty is limited."
review506,Clear methodology and strong results.
review507,Some sections require clarification.
review508,"The paper lacks sufficient background discussion. Solid work, but the novelty is limited."
review509,Well-structured and insightful paper.
review510,Good writing and relevant references.
review511,The paper lacks sufficient background discussion.
review512,The results are promising and well presented.
review513,Excellent contribution to the field.
review514,Clear methodology and strong results. The paper lacks sufficient background discussion.
review515,The paper could benefit from more real-world examples.
review516,Clear methodology and strong results. Well-structured and insightful paper.
review517,Good writing and relevant references. Well-structured and insightful paper.
review518,The paper could benefit from more real-world examples.
review519,Well-structured and insightful paper.
review520,Clear methodology and strong results.
review521,Well-structured and insightful paper.
review522,"Interesting approach, but needs more experiments. The paper lacks sufficient background discussion."
review523,Clear methodology and strong results.
review524,The results are promising and well presented.
review525,Well-structured and insightful paper.
review526,The paper could benefit from more real-world examples. The paper lacks sufficient background discussion.
review527,"Interesting approach, but needs more experiments. Good writing and relevant references."
review528,"Solid work, but the novelty is limited. The paper lacks sufficient background discussion."
review529,The results are promising and well presented.
review530,Clear methodology and strong results. Good writing and relevant references.
review531,The paper lacks sufficient background discussion.
review532,Well-structured and insightful paper. Clear methodology and strong results.
review533,The paper lacks sufficient background discussion. Clear methodology and strong results.
review534,Some sections require clarification. Some sections require clarification.
review535,The paper could benefit from more real-world examples.
review536,The results are promising and well presented.
review537,The results are promising and well presented.
review538,The paper lacks sufficient background discussion.
review539,Clear methodology and strong results. Excellent contribution to the field.
review540,Some sections require clarification.
review541,The paper could benefit from more real-world examples. The results are promising and well presented.
review542,Clear methodology and strong results. Excellent contribution to the field.
review543,"Interesting approach, but needs more experiments. The paper could benefit from more real-world examples."
review544,The paper could benefit from more real-world examples.
review545,The results are promising and well presented.
review546,"The paper could benefit from more real-world examples. Solid work, but the novelty is limited."
review547,Good writing and relevant references. Well-structured and insightful paper.
review548,Clear methodology and strong results.
review549,Good writing and relevant references.
review550,Some sections require clarification.
review551,The results are promising and well presented.
review552,The results are promising and well presented. The paper could benefit from more real-world examples.
review553,Good writing and relevant references. The paper could benefit from more real-world examples.
review554,The paper could benefit from more real-world examples. Some sections require clarification.
review555,Well-structured and insightful paper.
review556,"Solid work, but the novelty is limited. The paper lacks sufficient background discussion."
review557,The paper lacks sufficient background discussion.
review558,The paper lacks sufficient background discussion.
review559,"Solid work, but the novelty is limited."
review560,"Solid work, but the novelty is limited."
review561,"Interesting approach, but needs more experiments. The paper lacks sufficient background discussion."
review562,"Interesting approach, but needs more experiments."
review563,The paper could benefit from more real-world examples.
review564,Good writing and relevant references.
review565,The results are promising and well presented.
review566,Clear methodology and strong results.
review567,The paper lacks sufficient background discussion.
review568,The results are promising and well presented. Good writing and relevant references.
review569,Some sections require clarification.
review570,"Interesting approach, but needs more experiments."
review571,"Interesting approach, but needs more experiments. The paper lacks sufficient background discussion."
review572,The paper could benefit from more real-world examples.
review573,"Interesting approach, but needs more experiments."
review574,"Clear methodology and strong results. Solid work, but the novelty is limited."
review575,Well-structured and insightful paper.
review576,Some sections require clarification.
review577,Well-structured and insightful paper.
review578,The results are promising and well presented.
review579,"The paper could benefit from more real-world examples. Interesting approach, but needs more experiments."
review580,"Excellent contribution to the field. Solid work, but the novelty is limited."
review581,Good writing and relevant references. Good writing and relevant references.
review582,The paper could benefit from more real-world examples.
review583,Clear methodology and strong results. The results are promising and well presented.
review584,Clear methodology and strong results. The paper could benefit from more real-world examples.
review585,The paper could benefit from more real-world examples.
review586,Clear methodology and strong results.
review587,Some sections require clarification.
review588,The paper lacks sufficient background discussion.
review589,"Clear methodology and strong results. Solid work, but the novelty is limited."
review590,The results are promising and well presented. Excellent contribution to the field.
review591,"Solid work, but the novelty is limited."
review592,Some sections require clarification.
review593,"The results are promising and well presented. Solid work, but the novelty is limited."
review594,The paper could benefit from more real-world examples.
review595,Good writing and relevant references. Good writing and relevant references.
review596,Some sections require clarification. Good writing and relevant references.
review597,Excellent contribution to the field.
review598,"Solid work, but the novelty is limited. The results are promising and well presented."
review599,The paper could benefit from more real-world examples. The paper could benefit from more real-world examples.
review600,Some sections require clarification.
review601,"Interesting approach, but needs more experiments. The paper could benefit from more real-world examples."
review602,Good writing and relevant references.
review603,Excellent contribution to the field.
review604,Some sections require clarification.
review605,The results are promising and well presented.
review606,"Interesting approach, but needs more experiments. The results are promising and well presented."
review607,"Interesting approach, but needs more experiments."
review608,"Good writing and relevant references. Solid work, but the novelty is limited."
review609,Some sections require clarification.
review610,"Interesting approach, but needs more experiments. The paper could benefit from more real-world examples."
review611,Some sections require clarification.
review612,Good writing and relevant references.
review613,Clear methodology and strong results.
review614,"Solid work, but the novelty is limited."
review615,Good writing and relevant references. Clear methodology and strong results.
review616,"Interesting approach, but needs more experiments."
review617,Clear methodology and strong results.
review618,Excellent contribution to the field.
review619,Good writing and relevant references.
review620,The paper lacks sufficient background discussion. Good writing and relevant references.
review621,The results are promising and well presented.
review622,"Solid work, but the novelty is limited."
review623,Some sections require clarification.
review624,"Interesting approach, but needs more experiments."
review625,"The results are promising and well presented. Solid work, but the novelty is limited."
review626,"The results are promising and well presented. Interesting approach, but needs more experiments."
review627,The paper lacks sufficient background discussion.
review628,The paper lacks sufficient background discussion. Excellent contribution to the field.
review629,The paper could benefit from more real-world examples.
review630,The paper could benefit from more real-world examples.
review631,"Well-structured and insightful paper. Interesting approach, but needs more experiments."
review632,Clear methodology and strong results. Excellent contribution to the field.
review633,Well-structured and insightful paper.
review634,"Interesting approach, but needs more experiments."
review635,Some sections require clarification. The paper lacks sufficient background discussion.
review636,"Interesting approach, but needs more experiments."
review637,The paper lacks sufficient background discussion.
review638,Excellent contribution to the field.
review639,Clear methodology and strong results. Excellent contribution to the field.
review640,"Interesting approach, but needs more experiments. Some sections require clarification."
review641,Well-structured and insightful paper.
review642,The paper lacks sufficient background discussion.
review643,The results are promising and well presented. The paper lacks sufficient background discussion.
review644,The paper lacks sufficient background discussion.
review645,The results are promising and well presented.
review646,"Solid work, but the novelty is limited."
review647,Clear methodology and strong results.
review648,The paper could benefit from more real-world examples.
review649,"Solid work, but the novelty is limited."
review650,Some sections require clarification.
review651,Well-structured and insightful paper.
review652,The results are promising and well presented.
review653,Clear methodology and strong results.
review654,Clear methodology and strong results.
review655,Some sections require clarification. Good writing and relevant references.
review656,Excellent contribution to the field.
review657,The paper could benefit from more real-world examples.
review658,Well-structured and insightful paper.
review659,"Some sections require clarification. Interesting approach, but needs more experiments."
review660,Good writing and relevant references.
review661,Well-structured and insightful paper. Clear methodology and strong results.
review662,"Interesting approach, but needs more experiments."
review663,Excellent contribution to the field. Well-structured and insightful paper.
review664,Clear methodology and strong results. The paper lacks sufficient background discussion.
review665,Good writing and relevant references. Well-structured and insightful paper.
review666,The paper could benefit from more real-world examples.
review667,Good writing and relevant references. Some sections require clarification.
review668,Some sections require clarification.
review669,The results are promising and well presented.
review670,"Interesting approach, but needs more experiments."
review671,Some sections require clarification. Good writing and relevant references.
review672,The results are promising and well presented.
review673,Clear methodology and strong results. Excellent contribution to the field.
review674,Good writing and relevant references.
review675,The paper could benefit from more real-world examples.
review676,"Solid work, but the novelty is limited."
review677,The paper could benefit from more real-world examples.
review678,"Solid work, but the novelty is limited."
review679,Well-structured and insightful paper.
review680,"Interesting approach, but needs more experiments."
review681,"Interesting approach, but needs more experiments."
review682,"Interesting approach, but needs more experiments. Excellent contribution to the field."
review683,"Interesting approach, but needs more experiments."
review684,The results are promising and well presented.
review685,Some sections require clarification. The paper could benefit from more real-world examples.
review686,The paper lacks sufficient background discussion.
review687,"Interesting approach, but needs more experiments."
review688,The paper could benefit from more real-world examples.
review689,Well-structured and insightful paper.
review690,"Interesting approach, but needs more experiments."
review691,The results are promising and well presented.
review692,Some sections require clarification.
review693,Some sections require clarification.
review694,Well-structured and insightful paper.
review695,The paper could benefit from more real-world examples. Clear methodology and strong results.
review696,The results are promising and well presented.
review697,Clear methodology and strong results. Excellent contribution to the field.
review698,"Solid work, but the novelty is limited."
review699,Good writing and relevant references. The paper lacks sufficient background discussion.
review700,The results are promising and well presented.
review701,"The paper lacks sufficient background discussion. Solid work, but the novelty is limited."
review702,The results are promising and well presented. Good writing and relevant references.
review703,"The paper could benefit from more real-world examples. Interesting approach, but needs more experiments."
review704,The paper could benefit from more real-world examples. Some sections require clarification.
review705,"Interesting approach, but needs more experiments."
review706,Some sections require clarification.
review707,The paper could benefit from more real-world examples.
review708,Some sections require clarification.
review709,"The paper lacks sufficient background discussion. Solid work, but the novelty is limited."
review710,Clear methodology and strong results.
review711,Clear methodology and strong results.
review712,"Good writing and relevant references. Interesting approach, but needs more experiments."
review713,Excellent contribution to the field.
review714,Some sections require clarification.
review715,"Solid work, but the novelty is limited. The results are promising and well presented."
review716,The paper lacks sufficient background discussion.
review717,Excellent contribution to the field.
review718,Excellent contribution to the field.
review719,The results are promising and well presented.
review720,The paper lacks sufficient background discussion.
review721,"The paper could benefit from more real-world examples. Solid work, but the novelty is limited."
review722,Clear methodology and strong results. Some sections require clarification.
review723,Good writing and relevant references.
review724,Some sections require clarification. Well-structured and insightful paper.
review725,Good writing and relevant references. Clear methodology and strong results.
review726,The paper lacks sufficient background discussion.
review727,Excellent contribution to the field. The results are promising and well presented.
review728,The results are promising and well presented.
review729,"Interesting approach, but needs more experiments. Clear methodology and strong results."
review730,Excellent contribution to the field. Clear methodology and strong results.
review731,Well-structured and insightful paper.
review732,Some sections require clarification.
review733,Good writing and relevant references. Good writing and relevant references.
review734,"Solid work, but the novelty is limited."
review735,"Solid work, but the novelty is limited."
review736,The paper could benefit from more real-world examples.
review737,Well-structured and insightful paper. The paper could benefit from more real-world examples.
review738,"Interesting approach, but needs more experiments."
review739,Good writing and relevant references. The paper lacks sufficient background discussion.
review740,"Solid work, but the novelty is limited."
review741,"Solid work, but the novelty is limited."
review742,The results are promising and well presented.
review743,"Solid work, but the novelty is limited. Clear methodology and strong results."
review744,"Good writing and relevant references. Solid work, but the novelty is limited."
review745,"Solid work, but the novelty is limited."
review746,The results are promising and well presented.
review747,Excellent contribution to the field.
review748,Excellent contribution to the field.
review749,The results are promising and well presented.
review750,Some sections require clarification. Excellent contribution to the field.
review751,The results are promising and well presented.
review752,"Interesting approach, but needs more experiments. Some sections require clarification."
review753,Excellent contribution to the field.
review754,Clear methodology and strong results. Excellent contribution to the field.
review755,Clear methodology and strong results.
review756,Some sections require clarification. The paper could benefit from more real-world examples.
review757,"Excellent contribution to the field. Interesting approach, but needs more experiments."
review758,Well-structured and insightful paper. Clear methodology and strong results.
review759,The paper lacks sufficient background discussion.
review760,Clear methodology and strong results.
review761,Clear methodology and strong results.
review762,Excellent contribution to the field. Clear methodology and strong results.
review763,Some sections require clarification.
review764,Good writing and relevant references.
review765,Some sections require clarification.
review766,Excellent contribution to the field.
review767,The paper could benefit from more real-world examples. The results are promising and well presented.
review768,Well-structured and insightful paper. Excellent contribution to the field.
review769,Good writing and relevant references. Clear methodology and strong results.
review770,Some sections require clarification.
review771,Well-structured and insightful paper. Well-structured and insightful paper.
review772,Some sections require clarification.
review773,Good writing and relevant references.
review774,Clear methodology and strong results.
review775,Excellent contribution to the field.
review776,"Interesting approach, but needs more experiments. Solid work, but the novelty is limited."
review777,Some sections require clarification.
review778,"Well-structured and insightful paper. Interesting approach, but needs more experiments."
review779,Well-structured and insightful paper.
review780,"Interesting approach, but needs more experiments."
review781,The paper lacks sufficient background discussion.
review782,Excellent contribution to the field.
review783,The paper lacks sufficient background discussion.
review784,Excellent contribution to the field. The results are promising and well presented.
review785,The results are promising and well presented.
review786,The paper could benefit from more real-world examples.
review787,Clear methodology and strong results. Good writing and relevant references.
review788,The results are promising and well presented. Some sections require clarification.
review789,"Solid work, but the novelty is limited. Interesting approach, but needs more experiments."
review790,Excellent contribution to the field.
review791,The results are promising and well presented.
review792,The paper could benefit from more real-world examples.
review793,The paper could benefit from more real-world examples. The results are promising and well presented.
review794,The paper could benefit from more real-world examples.
review795,Good writing and relevant references.
review796,The paper could benefit from more real-world examples.
review797,The paper lacks sufficient background discussion.
review798,Excellent contribution to the field.
review799,The results are promising and well presented. Good writing and relevant references.
review800,"Solid work, but the novelty is limited."
review801,"Interesting approach, but needs more experiments."
review802,Excellent contribution to the field.
review803,Some sections require clarification.
review804,Clear methodology and strong results.
review805,Good writing and relevant references. The paper could benefit from more real-world examples.
review806,Some sections require clarification.
review807,Some sections require clarification.
review808,The results are promising and well presented.
review809,Clear methodology and strong results. Well-structured and insightful paper.
review810,Clear methodology and strong results.
review811,Clear methodology and strong results. The paper lacks sufficient background discussion.
review812,"Solid work, but the novelty is limited."
review813,Well-structured and insightful paper.
review814,Excellent contribution to the field.
review815,The results are promising and well presented.
review816,Good writing and relevant references.
review817,The paper lacks sufficient background discussion.
review818,Some sections require clarification.
review819,The paper lacks sufficient background discussion.
review820,"Some sections require clarification. Solid work, but the novelty is limited."
review821,The paper could benefit from more real-world examples.
review822,"Interesting approach, but needs more experiments."
review823,Good writing and relevant references.
review824,"Interesting approach, but needs more experiments. Some sections require clarification."
review825,"Interesting approach, but needs more experiments. Excellent contribution to the field."
review826,Excellent contribution to the field.
review827,Well-structured and insightful paper.
review828,Excellent contribution to the field.
review829,Excellent contribution to the field. The paper could benefit from more real-world examples.
review830,The results are promising and well presented.
review831,The paper lacks sufficient background discussion. Excellent contribution to the field.
review832,The paper could benefit from more real-world examples.
review833,Well-structured and insightful paper. Some sections require clarification.
review834,Some sections require clarification. Good writing and relevant references.
review835,The paper lacks sufficient background discussion.
review836,"The results are promising and well presented. Interesting approach, but needs more experiments."
review837,Well-structured and insightful paper.
review838,Clear methodology and strong results.
review839,Good writing and relevant references.
review840,"Solid work, but the novelty is limited. Well-structured and insightful paper."
review841,Excellent contribution to the field.
review842,"Interesting approach, but needs more experiments. Solid work, but the novelty is limited."
review843,The paper lacks sufficient background discussion.
review844,The results are promising and well presented.
review845,Clear methodology and strong results.
review846,Excellent contribution to the field.
review847,"Interesting approach, but needs more experiments."
review848,The results are promising and well presented.
review849,Some sections require clarification.
review850,The paper lacks sufficient background discussion. Good writing and relevant references.
review851,"Interesting approach, but needs more experiments."
review852,Some sections require clarification.
review853,The paper could benefit from more real-world examples.
review854,The results are promising and well presented.
review855,Well-structured and insightful paper.
review856,The paper could benefit from more real-world examples.
review857,The results are promising and well presented.
review858,The paper lacks sufficient background discussion.
review859,Some sections require clarification.
review860,Well-structured and insightful paper.
review861,The paper could benefit from more real-world examples. Some sections require clarification.
review862,Excellent contribution to the field.
review863,The results are promising and well presented.
review864,Well-structured and insightful paper.
review865,"Solid work, but the novelty is limited."
review866,Well-structured and insightful paper.
review867,The paper lacks sufficient background discussion.
review868,Excellent contribution to the field.
review869,"Solid work, but the novelty is limited. Excellent contribution to the field."
review870,Well-structured and insightful paper. Good writing and relevant references.
review871,"Well-structured and insightful paper. Solid work, but the novelty is limited."
review872,Well-structured and insightful paper.
review873,"Interesting approach, but needs more experiments. Excellent contribution to the field."
review874,The paper could benefit from more real-world examples. Excellent contribution to the field.
review875,Some sections require clarification. The paper could benefit from more real-world examples.
review876,Excellent contribution to the field.
review877,The paper lacks sufficient background discussion.
review878,"Some sections require clarification. Solid work, but the novelty is limited."
review879,The paper could benefit from more real-world examples.
review880,Clear methodology and strong results.
review881,Some sections require clarification. Good writing and relevant references.
review882,Excellent contribution to the field.
review883,Excellent contribution to the field.
review884,"Interesting approach, but needs more experiments."
review885,The paper could benefit from more real-world examples.
review886,"Solid work, but the novelty is limited. Clear methodology and strong results."
review887,Some sections require clarification. Well-structured and insightful paper.
review888,Well-structured and insightful paper. Clear methodology and strong results.
review889,The paper lacks sufficient background discussion. Good writing and relevant references.
review890,The paper could benefit from more real-world examples. The paper lacks sufficient background discussion.
review891,"Interesting approach, but needs more experiments."
review892,The paper could benefit from more real-world examples. Good writing and relevant references.
review893,"Interesting approach, but needs more experiments. The paper lacks sufficient background discussion."
review894,The results are promising and well presented.
review895,Excellent contribution to the field.
review896,Clear methodology and strong results. Well-structured and insightful paper.
review897,Good writing and relevant references. Clear methodology and strong results.
review898,Good writing and relevant references.
review899,Clear methodology and strong results.
review900,"Solid work, but the novelty is limited."
review901,Good writing and relevant references.
review902,The paper lacks sufficient background discussion.
review903,Clear methodology and strong results. Good writing and relevant references.
review904,Some sections require clarification. The paper lacks sufficient background discussion.
review905,Good writing and relevant references.
review906,Excellent contribution to the field. Well-structured and insightful paper.
review907,The paper lacks sufficient background discussion.
review908,Good writing and relevant references.
review909,The results are promising and well presented.
review910,"Interesting approach, but needs more experiments."
review911,Clear methodology and strong results.
review912,"The results are promising and well presented. Interesting approach, but needs more experiments."
review913,Excellent contribution to the field.
review914,The results are promising and well presented.
review915,The results are promising and well presented.
review916,Well-structured and insightful paper.
review917,"Solid work, but the novelty is limited."
review918,Good writing and relevant references. Clear methodology and strong results.
review919,Clear methodology and strong results. Clear methodology and strong results.
review920,Excellent contribution to the field.
review921,Clear methodology and strong results. Excellent contribution to the field.
review922,The paper could benefit from more real-world examples.
review923,Some sections require clarification. The results are promising and well presented.
review924,"Solid work, but the novelty is limited."
review925,The paper could benefit from more real-world examples.
review926,The paper could benefit from more real-world examples.
review927,The paper could benefit from more real-world examples.
review928,Well-structured and insightful paper.
review929,Clear methodology and strong results. Clear methodology and strong results.
review930,"Clear methodology and strong results. Solid work, but the novelty is limited."
review931,Clear methodology and strong results.
review932,The paper lacks sufficient background discussion.
review933,The results are promising and well presented.
review934,"Interesting approach, but needs more experiments."
review935,The results are promising and well presented. Excellent contribution to the field.
review936,Some sections require clarification.
review937,Some sections require clarification.
review938,Excellent contribution to the field.
review939,"Interesting approach, but needs more experiments."
review940,The paper lacks sufficient background discussion.
review941,Some sections require clarification.
review942,"Well-structured and insightful paper. Interesting approach, but needs more experiments."
review943,Good writing and relevant references.
review944,Clear methodology and strong results. Well-structured and insightful paper.
review945,The paper could benefit from more real-world examples. Excellent contribution to the field.
review946,The paper could benefit from more real-world examples. The paper could benefit from more real-world examples.
review947,"Interesting approach, but needs more experiments."
review948,Excellent contribution to the field.
review949,The results are promising and well presented. Clear methodology and strong results.
review950,The paper lacks sufficient background discussion.
review951,The paper could benefit from more real-world examples.
review952,The paper could benefit from more real-world examples.
review953,The paper could benefit from more real-world examples.
review954,Good writing and relevant references.
review955,Some sections require clarification.
review956,Good writing and relevant references. Clear methodology and strong results.
review957,"Good writing and relevant references. Solid work, but the novelty is limited."
review958,Good writing and relevant references.
review959,Some sections require clarification.
review960,"Interesting approach, but needs more experiments. Excellent contribution to the field."
review961,Some sections require clarification. The paper could benefit from more real-world examples.
review962,The results are promising and well presented.
review963,The paper could benefit from more real-world examples.
review964,Good writing and relevant references.
review965,"Solid work, but the novelty is limited."
review966,Some sections require clarification. The results are promising and well presented.
review967,"Interesting approach, but needs more experiments."
review968,Good writing and relevant references. Some sections require clarification.
review969,Excellent contribution to the field.
review970,Clear methodology and strong results.
review971,Good writing and relevant references.
review972,Some sections require clarification.
review973,The paper could benefit from more real-world examples.
review974,Excellent contribution to the field. Well-structured and insightful paper.
review975,Some sections require clarification.
review976,The paper lacks sufficient background discussion. The paper could benefit from more real-world examples.
review977,Clear methodology and strong results.
review978,The paper lacks sufficient background discussion.
review979,Well-structured and insightful paper.
review980,"Solid work, but the novelty is limited. Interesting approach, but needs more experiments."
review981,The paper could benefit from more real-world examples.
review982,Well-structured and insightful paper.
review983,Well-structured and insightful paper.
review984,The paper could benefit from more real-world examples. Well-structured and insightful paper.
review985,Well-structured and insightful paper. Excellent contribution to the field.
review986,Excellent contribution to the field.
review987,"Solid work, but the novelty is limited. Well-structured and insightful paper."
review988,"The results are promising and well presented. Interesting approach, but needs more experiments."
review989,Clear methodology and strong results.
review990,Excellent contribution to the field. The paper could benefit from more real-world examples.
review991,Well-structured and insightful paper.
review992,Excellent contribution to the field.
review993,Clear methodology and strong results.
review994,Good writing and relevant references.
review995,Clear methodology and strong results.
review996,Some sections require clarification.
review997,The paper could benefit from more real-world examples.
review998,"Interesting approach, but needs more experiments. Interesting approach, but needs more experiments."
review999,Excellent contribution to the field.
review1000,The paper could benefit from more real-world examples. The paper lacks sufficient background discussion.
